time_s,level_cm,delta_h_cm,delta_V_mL
0.000,14.251,-0.234,-14.91
0.033,14.252,-0.233,-14.84
0.067,14.253,-0.232,-14.77
0.100,14.255,-0.231,-14.68
0.133,14.256,-0.230,-14.62
0.167,14.256,-0.229,-14.57
0.200,14.257,-0.228,-14.52
0.234,14.258,-0.227,-14.46
0.267,14.260,-0.226,-14.37
0.300,14.262,-0.224,-14.24
0.334,14.264,-0.221,-14.07
0.367,14.268,-0.218,-13.85
0.400,14.272,-0.213,-13.58
0.434,14.277,-0.208,-13.25
0.467,14.283,-0.202,-12.86
0.500,14.290,-0.195,-12.40
0.534,14.299,-0.187,-11.88
0.567,14.308,-0.177,-11.29
0.600,14.318,-0.167,-10.63
0.634,14.328,-0.157,-10.00
0.667,14.338,-0.147,-9.35
0.701,14.349,-0.136,-8.67
0.734,14.361,-0.125,-7.92
0.767,14.374,-0.112,-7.10
0.801,14.388,-0.097,-6.18
0.834,14.404,-0.081,-5.16
0.867,14.422,-0.063,-4.03
0.901,14.441,-0.044,-2.80
0.934,14.462,-0.023,-1.47
0.967,14.485,0.000,0.00
1.001,14.511,0.026,1.62
1.034,14.539,0.053,3.40
1.067,14.569,0.084,5.32
1.101,14.602,0.116,7.39
1.134,14.637,0.151,9.62
1.168,14.674,0.188,11.98
1.201,14.713,0.227,14.46
1.234,14.753,0.268,17.02
1.268,14.794,0.309,19.64
1.301,14.836,0.350,22.29
1.334,14.877,0.392,24.94
1.368,14.918,0.433,27.55
1.401,14.958,0.473,30.07
1.434,14.996,0.511,32.48
1.468,15.033,0.548,34.85
1.501,15.070,0.584,37.18
1.534,15.106,0.620,39.47
1.568,15.141,0.656,41.72
1.601,15.176,0.691,43.93
1.635,15.210,0.724,46.09
1.668,15.243,0.758,48.19
1.701,15.276,0.790,50.26
1.735,15.308,0.822,52.32
1.768,15.340,0.855,54.36
1.801,15.372,0.887,56.42
1.835,15.405,0.919,58.49
1.868,15.438,0.953,60.60
1.901,15.472,0.987,62.76
1.935,15.507,1.021,64.98
1.968,15.542,1.057,67.24
2.001,15.578,1.093,69.54
2.035,15.615,1.130,71.88
2.068,15.653,1.167,74.27
2.102,15.691,1.206,76.69
2.135,15.730,1.245,79.18
2.168,15.770,1.285,81.72
2.202,15.810,1.325,84.29
2.235,15.851,1.366,86.88
2.268,15.892,1.407,89.48
2.302,15.933,1.447,92.07
2.335,15.973,1.488,94.64
2.368,16.013,1.527,97.17
2.402,16.052,1.566,99.66
2.435,16.090,1.604,102.07
2.468,16.127,1.642,104.45
2.502,16.164,1.678,106.77
2.535,16.200,1.714,109.06
2.569,16.235,1.749,111.29
2.602,16.269,1.784,113.49
2.635,16.303,1.818,115.66
2.669,16.337,1.852,117.80
2.702,16.370,1.885,119.91
2.735,16.403,1.918,121.99
2.769,16.435,1.950,124.04
2.802,16.467,1.981,126.05
2.835,16.498,2.013,128.04
2.869,16.529,2.044,130.01
2.902,16.560,2.074,131.97
2.935,16.591,2.105,133.92
2.969,16.621,2.135,135.84
3.002,16.650,2.165,137.73
3.036,16.679,2.194,139.58
3.069,16.708,2.223,141.40
3.102,16.736,2.251,143.19
3.136,16.765,2.280,145.03
3.169,16.794,2.309,146.89
3.202,16.823,2.338,148.73
3.236,16.852,2.366,150.54
3.269,16.879,2.394,152.28
3.302,16.905,2.420,153.94
3.336,16.930,2.444,155.50
3.369,16.953,2.467,156.96
3.402,16.974,2.488,158.30
3.436,16.993,2.508,159.53
3.469,17.010,2.525,160.61
3.503,17.025,2.539,161.54
3.536,17.037,2.552,162.33
3.569,17.047,2.562,162.97
3.603,17.055,2.569,163.46
3.636,17.061,2.575,163.84
3.669,17.065,2.580,164.11
3.703,17.068,2.582,164.28
3.736,17.069,2.583,164.34
3.769,17.068,2.583,164.32
3.803,17.067,2.582,164.24
3.836,17.065,2.580,164.11
3.869,17.063,2.577,163.97
3.903,17.061,2.575,163.84
3.936,17.059,2.574,163.75
3.970,17.057,2.572,163.62
4.003,17.055,2.569,163.46
4.036,17.052,2.566,163.26
4.070,17.048,2.562,163.01
4.103,17.043,2.558,162.73
4.136,17.040,2.555,162.54
4.170,17.038,2.552,162.37
4.203,17.035,2.549,162.19
4.236,17.031,2.546,161.95
4.270,17.026,2.541,161.63
4.303,17.019,2.534,161.20
4.336,17.010,2.525,160.63
4.370,16.999,2.514,159.90
4.403,16.985,2.500,159.01
4.437,16.968,2.483,157.95
4.470,16.948,2.463,156.68
4.503,16.925,2.440,155.20
4.537,16.898,2.413,153.51
4.570,16.868,2.383,151.60
4.603,16.835,2.350,149.49
4.637,16.799,2.313,147.18
4.670,16.760,2.274,144.69
4.703,16.718,2.233,142.04
4.737,16.674,2.189,139.26
4.770,16.629,2.144,136.38
4.803,16.583,2.098,133.44
4.837,16.536,2.051,130.48
4.870,16.490,2.005,127.54
4.904,16.445,1.960,124.66
4.937,16.402,1.916,121.92
4.970,16.359,1.873,119.18
5.004,16.316,1.830,116.44
5.037,16.273,1.788,113.72
5.070,16.230,1.745,111.00
5.104,16.188,1.702,108.30
5.137,16.145,1.660,105.60
5.170,16.103,1.618,102.91
5.204,16.061,1.576,100.23
5.237,16.019,1.534,97.56
5.270,15.977,1.491,94.88
5.304,15.935,1.449,92.21
5.337,15.893,1.407,89.53
5.371,15.851,1.365,86.85
5.404,15.808,1.323,84.16
5.437,15.766,1.280,81.46
5.471,15.723,1.238,78.75
5.504,15.681,1.195,76.04
5.537,15.638,1.153,73.32
5.571,15.595,1.110,70.60
5.604,15.552,1.067,67.87
5.637,15.509,1.024,65.15
5.671,15.467,0.981,62.43
5.704,15.424,0.938,59.70
5.737,15.381,0.896,56.98
5.771,15.338,0.853,54.23
5.804,15.295,0.809,51.48
5.838,15.251,0.766,48.71
5.871,15.207,0.722,45.91
5.904,15.163,0.678,43.10
5.938,15.118,0.633,40.27
5.971,15.073,0.588,37.41
6.004,15.028,0.543,34.52
6.038,14.982,0.497,31.60
6.071,14.936,0.451,28.66
6.104,14.889,0.404,25.70
6.138,14.840,0.355,22.57
6.171,14.790,0.304,19.35
6.204,14.738,0.253,16.10
6.238,14.688,0.202,12.86
6.271,14.638,0.152,9.68
6.305,14.589,0.104,6.61
6.338,14.543,0.058,3.69
6.371,14.500,0.015,0.95
6.405,14.461,-0.025,-1.58
6.438,14.424,-0.061,-3.88
6.471,14.392,-0.093,-5.95
6.505,14.363,-0.122,-7.77
6.538,14.338,-0.147,-9.35
6.571,14.317,-0.168,-10.70
6.605,14.300,-0.186,-11.80
6.638,14.286,-0.200,-12.70
6.671,14.275,-0.211,-13.40
6.705,14.267,-0.219,-13.93
6.738,14.261,-0.225,-14.30
6.772,14.257,-0.229,-14.55
6.805,14.254,-0.231,-14.72
6.838,14.252,-0.233,-14.84
6.872,14.250,-0.235,-14.97
6.905,14.247,-0.238,-15.15
6.938,14.243,-0.243,-15.45
6.972,14.238,-0.247,-15.74
7.005,14.234,-0.252,-16.00
7.038,14.230,-0.255,-16.25
7.072,14.226,-0.259,-16.48
7.105,14.223,-0.262,-16.69
7.138,14.220,-0.266,-16.91
7.172,14.216,-0.269,-17.12
7.205,14.213,-0.272,-17.32
7.239,14.210,-0.275,-17.50
7.272,14.208,-0.278,-17.66
7.305,14.205,-0.280,-17.81
7.339,14.204,-0.282,-17.93
7.372,14.202,-0.283,-18.03
7.405,14.201,-0.285,-18.11
7.439,14.200,-0.286,-18.17
7.472,14.199,-0.286,-18.19
7.505,14.199,-0.286,-18.19
7.539,14.200,-0.285,-18.16
7.572,14.201,-0.284,-18.09
7.605,14.203,-0.283,-17.99
7.639,14.205,-0.281,-17.86
7.672,14.207,-0.278,-17.70
7.706,14.210,-0.275,-17.51
7.739,14.213,-0.272,-17.31
7.772,14.217,-0.269,-17.09
7.806,14.220,-0.265,-16.87
7.839,14.224,-0.262,-16.65
7.872,14.227,-0.258,-16.43
7.906,14.230,-0.255,-16.23
7.939,14.233,-0.252,-16.06
7.972,14.236,-0.250,-15.89
8.006,14.238,-0.247,-15.73
8.039,14.241,-0.245,-15.57
8.072,14.243,-0.242,-15.43
8.106,14.245,-0.240,-15.29
8.139,14.246,-0.240,-15.25
8.173,14.245,-0.240,-15.28
8.206,14.245,-0.241,-15.33
8.239,14.244,-0.241,-15.35
8.273,14.245,-0.241,-15.32
8.306,14.246,-0.239,-15.21
8.339,14.250,-0.235,-14.98
8.373,14.256,-0.230,-14.61
8.406,14.264,-0.221,-14.09
8.439,14.275,-0.211,-13.39
8.473,14.289,-0.197,-12.52
8.506,14.305,-0.180,-11.47
8.540,14.325,-0.161,-10.22
8.573,14.347,-0.138,-8.80
8.606,14.372,-0.113,-7.19
8.640,14.400,-0.085,-5.43
8.673,14.430,-0.055,-3.53
8.706,14.462,-0.023,-1.49
8.740,14.496,0.010,0.66
8.773,14.531,0.046,2.92
8.806,14.568,0.082,5.24
8.840,14.605,0.120,7.61
8.873,14.642,0.157,9.98
8.906,14.679,0.194,12.33
8.940,14.715,0.229,14.60
8.973,14.751,0.265,16.89
9.007,14.787,0.302,19.21
9.040,14.824,0.339,21.56
9.073,14.862,0.376,23.94
9.107,14.900,0.414,26.35
9.140,14.938,0.453,28.81
9.173,14.977,0.492,31.30
9.207,15.017,0.532,33.82
9.240,15.057,0.571,36.35
9.273,15.096,0.611,38.87
9.307,15.136,0.651,41.39
9.340,15.175,0.690,43.88
9.373,15.214,0.728,46.33
9.407,15.252,0.766,48.74
9.440,15.288,0.803,51.09
9.474,15.325,0.839,53.39
9.507,15.360,0.875,55.65
9.540,15.395,0.910,57.86
9.574,15.429,0.944,60.03
9.607,15.462,0.977,62.15
9.640,15.495,1.009,64.21
9.674,15.526,1.041,66.22
9.707,15.557,1.072,68.19
9.740,15.588,1.103,70.14
9.774,15.618,1.133,72.08
9.807,15.649,1.164,74.02
9.840,15.680,1.194,75.98
9.874,15.711,1.226,77.97
9.907,15.743,1.258,80.01
9.941,15.776,1.291,82.11
9.974,15.810,1.324,84.25
10.007,15.844,1.358,86.42
10.041,15.879,1.393,88.64
10.074,15.914,1.429,90.89
10.107,15.950,1.465,93.18
10.141,15.987,1.501,95.52
10.174,16.024,1.539,97.89
10.207,16.062,1.577,100.30
10.241,16.100,1.615,102.73
10.274,16.139,1.653,105.16
10.307,16.177,1.691,107.61
10.341,16.215,1.730,110.04
10.374,16.253,1.768,112.46
10.408,16.291,1.805,114.85
10.441,16.328,1.842,117.20
10.474,16.364,1.879,119.53
10.508,16.401,1.915,121.84
10.541,16.437,1.951,124.13
10.574,16.472,1.987,126.40
10.608,16.508,2.022,128.65
10.641,16.544,2.059,130.97
10.674,16.581,2.095,133.31
10.708,16.618,2.132,135.64
10.741,16.654,2.168,137.95
10.774,16.689,2.204,140.20
10.808,16.723,2.238,142.37
10.841,16.756,2.271,144.45
10.875,16.787,2.302,146.42
10.908,16.816,2.331,148.27
10.941,16.843,2.358,150.00
10.975,16.868,2.383,151.58
11.008,16.891,2.405,153.02
11.041,16.911,2.426,154.30
11.075,16.929,2.443,155.44
11.108,16.945,2.459,156.44
11.141,16.958,2.473,157.33
11.175,16.971,2.485,158.10
11.208,16.981,2.496,158.77
11.241,16.990,2.505,159.35
11.275,16.998,2.512,159.83
11.308,17.004,2.519,160.25
11.342,17.010,2.525,160.62
11.375,17.016,2.530,160.97
11.408,17.021,2.536,161.33
11.442,17.028,2.542,161.72
11.475,17.033,2.548,162.07
11.508,17.038,2.552,162.38
11.542,17.042,2.557,162.64
11.575,17.045,2.560,162.86
11.608,17.048,2.563,163.03
11.642,17.052,2.566,163.25
11.675,17.055,2.570,163.48
11.708,17.058,2.573,163.68
11.742,17.061,2.575,163.84
11.775,17.062,2.577,163.93
11.809,17.062,2.577,163.92
11.842,17.060,2.575,163.82
11.875,17.057,2.572,163.59
11.909,17.052,2.566,163.26
11.942,17.044,2.559,162.80
11.975,17.035,2.549,162.19
12.009,17.023,2.537,161.43
12.042,17.008,2.523,160.50
12.075,16.991,2.506,159.42
12.109,16.972,2.487,158.19
12.142,16.951,2.466,156.87
12.175,16.929,2.443,155.44
12.209,16.905,2.419,153.90
12.242,16.879,2.393,152.25
12.276,16.851,2.366,150.49
12.309,16.822,2.337,148.65
12.342,16.792,2.306,146.73
12.376,16.761,2.275,144.75
12.409,16.729,2.244,142.74
12.442,16.698,2.212,140.74
12.476,16.665,2.179,138.65
12.509,16.631,2.145,136.47
12.542,16.595,2.109,134.20
12.576,16.558,2.072,131.84
12.609,16.519,2.034,129.39
12.642,16.479,1.994,126.86
12.676,16.439,1.953,124.25
12.709,16.397,1.911,121.58
12.743,16.354,1.868,118.85
12.776,16.310,1.825,116.08
12.809,16.266,1.781,113.28
12.843,16.222,1.736,110.47
12.876,16.178,1.692,107.66
12.909,16.134,1.649,104.88
12.943,16.091,1.606,102.15
12.976,16.048,1.563,99.42
13.009,16.005,1.520,96.69
13.043,15.962,1.477,93.96
13.076,15.919,1.434,91.23
13.109,15.876,1.391,88.50
13.143,15.834,1.348,85.77
13.176,15.791,1.305,83.05
13.210,15.748,1.263,80.33
13.243,15.705,1.220,77.60
13.276,15.662,1.177,74.87
13.310,15.619,1.134,72.14
13.343,15.576,1.091,69.40
13.376,15.533,1.048,66.65
13.410,15.490,1.004,63.88
13.443,15.446,0.961,61.11
13.476,15.402,0.917,58.32
13.510,15.358,0.873,55.52
13.543,15.314,0.829,52.71
13.576,15.270,0.784,49.88
13.610,15.225,0.739,47.04
13.643,15.179,0.694,44.15
13.677,15.133,0.648,41.21
13.710,15.087,0.601,38.26
13.743,15.041,0.555,35.31
13.777,14.995,0.509,32.39
13.810,14.949,0.464,29.50
13.843,14.905,0.419,26.66
13.877,14.861,0.376,23.89
13.910,14.819,0.333,21.19
13.943,14.778,0.292,18.58
13.977,14.738,0.252,16.06
14.010,14.699,0.214,13.62
14.043,14.662,0.177,11.26
14.077,14.627,0.141,8.99
14.110,14.592,0.107,6.81
14.144,14.558,0.073,4.62
14.177,14.524,0.039,2.45
14.210,14.491,0.005,0.34
14.244,14.459,-0.027,-1.70
14.277,14.428,-0.057,-3.65
14.310,14.399,-0.086,-5.49
14.344,14.372,-0.114,-7.23
14.377,14.346,-0.139,-8.86
14.410,14.322,-0.163,-10.38
14.444,14.300,-0.186,-11.80
14.477,14.280,-0.206,-13.07
14.510,14.262,-0.223,-14.19
14.544,14.247,-0.238,-15.15
14.577,14.235,-0.251,-15.95
14.611,14.225,-0.261,-16.60
14.644,14.216,-0.269,-17.12
14.677,14.210,-0.275,-17.51
14.711,14.206,-0.280,-17.79
14.744,14.203,-0.283,-17.97
14.777,14.201,-0.284,-18.07
14.811,14.201,-0.285,-18.10
14.844,14.201,-0.285,-18.10
14.877,14.201,-0.284,-18.10
14.911,14.201,-0.285,-18.11
14.944,14.199,-0.286,-18.19
14.977,14.199,-0.287,-18.25
15.011,14.198,-0.287,-18.28
15.044,14.198,-0.288,-18.29
15.078,14.198,-0.287,-18.27
15.111,14.199,-0.287,-18.23
15.144,14.200,-0.286,-18.17
15.178,14.201,-0.284,-18.09
15.211,14.203,-0.283,-18.00
15.244,14.204,-0.281,-17.88
15.278,14.206,-0.279,-17.76
15.311,14.208,-0.277,-17.62
15.344,14.211,-0.275,-17.47
15.378,14.213,-0.272,-17.32
15.411,14.215,-0.270,-17.17
15.444,14.218,-0.268,-17.03
15.478,14.220,-0.265,-16.89
15.511,14.222,-0.263,-16.73
15.545,14.225,-0.260,-16.57
15.578,14.228,-0.258,-16.40
15.611,14.230,-0.255,-16.23
15.645,14.233,-0.253,-16.07
15.678,14.235,-0.250,-15.93
15.711,14.237,-0.248,-15.78
15.745,14.240,-0.246,-15.63
15.778,14.243,-0.243,-15.45
15.811,14.246,-0.240,-15.25
15.845,14.249,-0.236,-15.01
15.878,14.254,-0.232,-14.73
15.911,14.259,-0.227,-14.42
15.945,14.265,-0.221,-14.05
15.978,14.271,-0.214,-13.64
16.012,14.278,-0.207,-13.18
16.045,14.286,-0.199,-12.66
16.078,14.295,-0.190,-12.09
16.112,14.305,-0.180,-11.47
16.145,14.314,-0.171,-10.88
16.178,14.324,-0.162,-10.29
16.212,14.333,-0.152,-9.68
16.245,14.344,-0.142,-9.01
16.278,14.355,-0.130,-8.27
16.312,14.368,-0.117,-7.44
16.345,14.383,-0.102,-6.51
16.379,14.399,-0.086,-5.47
16.412,14.417,-0.068,-4.33
16.445,14.437,-0.048,-3.07
16.479,14.459,-0.026,-1.68
16.512,14.483,-0.002,-0.13
16.545,14.510,0.025,1.57
16.579,14.539,0.054,3.42
16.612,14.571,0.085,5.42
16.645,14.604,0.119,7.57
16.679,14.640,0.155,9.86
16.712,14.678,0.193,12.26
16.745,14.717,0.232,14.75
16.779,14.757,0.272,17.30
16.812,14.798,0.312,19.87
16.846,14.838,0.353,22.45
16.879,14.878,0.393,24.99
16.912,14.917,0.432,27.45
16.946,14.954,0.468,29.80
16.979,14.990,0.505,32.12
17.012,15.026,0.541,34.39
17.046,15.061,0.576,36.63
17.079,15.096,0.610,38.84
17.112,15.130,0.645,41.01
17.146,15.163,0.678,43.12
17.179,15.196,0.710,45.19
17.212,15.228,0.742,47.23
17.246,15.260,0.774,49.25
17.279,15.291,0.806,51.27
17.313,15.323,0.838,53.30
17.346,15.355,0.870,55.35
17.379,15.388,0.903,57.42
17.413,15.421,0.936,59.54
17.446,15.456,0.970,61.72
17.479,15.490,1.005,63.94
17.513,15.526,1.040,66.19
17.546,15.562,1.077,68.49
17.579,15.599,1.113,70.82
17.613,15.636,1.151,73.19
17.646,15.674,1.189,75.61
17.679,15.713,1.227,78.07
17.713,15.752,1.266,80.56
17.746,15.791,1.306,83.07
17.780,15.831,1.345,85.59
17.813,15.871,1.385,88.12
17.846,15.910,1.425,90.64
17.880,15.949,1.464,93.14
17.913,15.988,1.503,95.61
17.946,16.027,1.541,98.04
17.980,16.064,1.579,100.45
18.013,16.102,1.617,102.84
18.046,16.139,1.654,105.22
18.080,16.176,1.691,107.57
18.113,16.213,1.727,109.90
18.146,16.250,1.764,112.24
18.180,16.286,1.801,114.57
18.213,16.323,1.837,116.89
18.247,16.359,1.874,119.20
18.280,16.395,1.909,121.48
18.313,16.430,1.945,123.73
18.347,16.465,1.980,125.95
18.380,16.500,2.014,128.13
18.413,16.533,2.048,130.29
18.447,16.567,2.081,132.41
18.480,16.600,2.114,134.49
18.513,16.632,2.146,136.53
18.547,16.663,2.177,138.52
18.580,16.693,2.208,140.46
18.613,16.723,2.238,142.36
18.647,16.754,2.268,144.30
18.680,16.784,2.299,146.25
18.714,16.815,2.329,148.18
18.747,16.844,2.359,150.05
18.780,16.873,2.387,151.86
18.814,16.900,2.414,153.58
18.847,16.925,2.439,155.19
18.880,16.949,2.463,156.70
18.914,16.970,2.485,158.09
18.947,16.990,2.505,159.37
18.980,17.008,2.523,160.49
19.014,17.023,2.538,161.46
19.047,17.036,2.551,162.28
19.080,17.047,2.561,162.94
19.114,17.055,2.569,163.46
19.147,17.061,2.576,163.85
19.181,17.065,2.580,164.13
19.214,17.068,2.582,164.29
19.247,17.069,2.583,164.35
19.281,17.069,2.583,164.33
19.314,17.067,2.582,164.24
19.347,17.065,2.580,164.11
19.381,17.063,2.577,163.97
19.414,17.061,2.575,163.84
19.447,17.060,2.574,163.76
19.481,17.058,2.572,163.65
19.514,17.055,2.570,163.50
19.547,17.053,2.567,163.31
19.581,17.049,2.564,163.09
19.614,17.045,2.560,162.84
19.648,17.042,2.557,162.66
19.681,17.040,2.555,162.51
19.714,17.037,2.552,162.35
19.748,17.034,2.549,162.15
19.781,17.030,2.544,161.86
19.814,17.023,2.538,161.46
19.848,17.015,2.530,160.93
19.881,17.004,2.519,160.26
19.914,16.991,2.506,159.42
19.948,16.976,2.490,158.42
19.981,16.957,2.471,157.23
20.014,16.935,2.449,155.83
20.048,16.910,2.424,154.23
20.081,16.881,2.396,152.42
20.115,16.850,2.364,150.42
20.148,16.816,2.330,148.24
20.181,16.779,2.293,145.89
20.215,16.740,2.254,143.40
20.248,16.698,2.213,140.78
20.281,16.655,2.170,138.05
20.315,16.612,2.126,135.26
20.348,16.567,2.082,132.44
20.381,16.523,2.037,129.62
20.415,16.479,1.994,126.85
20.448,16.438,1.952,124.19
20.481,16.395,1.910,121.51
20.515,16.353,1.868,118.83
20.548,16.311,1.825,116.13
20.582,16.268,1.783,113.43
20.615,16.226,1.740,110.71
20.648,16.183,1.698,107.99
20.682,16.140,1.655,105.26
20.715,16.097,1.612,102.53
20.748,16.054,1.569,99.79
20.782,16.011,1.525,97.04
20.815,15.968,1.482,94.29
20.848,15.924,1.439,91.53
20.882,15.881,1.395,88.76
20.915,15.837,1.352,86.00
20.948,15.794,1.308,83.23
20.982,15.750,1.265,80.45
21.015,15.706,1.221,77.67
21.049,15.663,1.177,74.89
21.082,15.619,1.133,72.09
21.115,15.575,1.089,69.29
21.149,15.531,1.045,66.49
21.182,15.486,1.001,63.68
21.215,15.442,0.957,60.87
21.249,15.398,0.913,58.05
21.282,15.354,0.868,55.23
21.315,15.309,0.824,52.40
21.349,15.265,0.779,49.57
21.382,15.220,0.735,46.74
21.415,15.175,0.690,43.90
21.449,15.131,0.645,41.06
21.482,15.086,0.601,38.21
21.516,15.041,0.556,35.35
21.549,14.996,0.511,32.49
21.582,14.951,0.466,29.63
21.616,14.906,0.421,26.75
21.649,14.859,0.374,23.76
21.682,14.811,0.325,20.70
21.716,14.762,0.277,17.62
21.749,14.714,0.229,14.56
21.782,14.667,0.182,11.57
21.816,14.622,0.136,8.68
21.849,14.578,0.093,5.91
21.882,14.537,0.052,3.30
21.916,14.499,0.014,0.87
21.949,14.464,-0.022,-1.37
21.983,14.432,-0.054,-3.41
22.016,14.403,-0.082,-5.24
22.049,14.378,-0.108,-6.85
22.083,14.356,-0.130,-8.26
22.116,14.337,-0.149,-9.47
22.149,14.320,-0.165,-10.51
22.183,14.306,-0.179,-11.39
22.216,14.295,-0.190,-12.12
22.249,14.286,-0.200,-12.71
22.283,14.278,-0.207,-13.19
22.316,14.272,-0.213,-13.58
22.349,14.267,-0.219,-13.90
22.383,14.262,-0.223,-14.21
22.416,14.257,-0.229,-14.54
22.450,14.251,-0.235,-14.94
22.483,14.245,-0.240,-15.29
22.516,14.240,-0.245,-15.59
22.550,14.236,-0.249,-15.84
22.583,14.233,-0.252,-16.04
22.616,14.231,-0.255,-16.20
22.650,14.229,-0.256,-16.31
22.683,14.228,-0.258,-16.39
22.716,14.227,-0.258,-16.44
22.750,14.227,-0.259,-16.45
22.783,14.227,-0.258,-16.44
22.816,14.228,-0.258,-16.40
22.850,14.229,-0.257,-16.34
22.883,14.230,-0.256,-16.28
22.917,14.230,-0.255,-16.22
22.950,14.231,-0.254,-16.17
22.983,14.232,-0.253,-16.11
23.017,14.233,-0.252,-16.03
23.050,14.235,-0.251,-15.94
23.083,14.237,-0.249,-15.83
23.117,14.239,-0.247,-15.70
23.150,14.241,-0.244,-15.54
23.183,14.244,-0.242,-15.38
23.217,14.247,-0.239,-15.20
23.250,14.249,-0.236,-15.02
23.283,14.252,-0.233,-14.84
23.317,14.255,-0.231,-14.68
23.350,14.257,-0.228,-14.52
23.384,14.259,-0.226,-14.39
23.417,14.261,-0.224,-14.28
23.450,14.262,-0.223,-14.20
23.484,14.263,-0.222,-14.15
23.517,14.264,-0.222,-14.11
23.550,14.264,-0.222,-14.10
23.584,14.264,-0.222,-14.11
23.617,14.262,-0.224,-14.23
23.650,14.259,-0.227,-14.42
23.684,14.255,-0.230,-14.63
23.717,14.252,-0.233,-14.84
23.750,14.250,-0.236,-15.01
23.784,14.248,-0.237,-15.10
23.817,14.248,-0.237,-15.09
23.851,14.250,-0.235,-14.97
23.884,14.254,-0.231,-14.69
23.917,14.261,-0.224,-14.26
23.951,14.271,-0.215,-13.67
23.984,14.282,-0.203,-12.91
24.017,14.297,-0.188,-11.99
24.051,14.314,-0.171,-10.90
24.084,14.334,-0.152,-9.66
24.117,14.355,-0.130,-8.30
24.151,14.378,-0.107,-6.82
24.184,14.403,-0.082,-5.23
24.217,14.430,-0.055,-3.52
24.251,14.458,-0.027,-1.72
24.284,14.488,0.003,0.17
24.318,14.519,0.033,2.12
24.351,14.550,0.065,4.11
24.384,14.581,0.096,6.11
24.418,14.612,0.127,8.08
24.451,14.644,0.159,10.11
24.484,14.677,0.192,12.21
24.518,14.711,0.226,14.38
24.551,14.747,0.261,16.61
24.584,14.783,0.297,18.91
24.618,14.820,0.334,21.28
24.651,14.858,0.373,23.70
24.685,14.897,0.411,26.17
24.718,14.936,0.451,28.69
24.751,14.976,0.491,31.23
24.785,15.017,0.531,33.79
24.818,15.057,0.572,36.36
24.851,15.097,0.612,38.92
24.885,15.137,0.652,41.45
24.918,15.176,0.691,43.93
24.951,15.215,0.730,46.41
24.985,15.254,0.768,48.88
25.018,15.293,0.807,51.35
25.051,15.331,0.846,53.81
25.085,15.370,0.884,56.25
25.118,15.408,0.923,58.72
25.152,15.447,0.962,61.19
25.185,15.486,1.001,63.66
25.218,15.525,1.039,66.12
25.252,15.563,1.078,68.56
25.285,15.601,1.116,70.98
25.318,15.639,1.153,73.38
25.352,15.676,1.191,75.74
25.385,15.713,1.227,78.07
25.418,15.749,1.263,80.37
25.452,15.784,1.299,82.62
25.485,15.819,1.334,84.83
25.518,15.853,1.368,87.01
25.552,15.887,1.401,89.14
25.585,15.919,1.434,91.22
25.619,15.951,1.466,93.26
25.652,15.983,1.497,95.24
25.685,16.013,1.528,97.19
25.719,16.044,1.558,99.12
25.752,16.074,1.588,101.04
25.785,16.104,1.619,102.97
25.819,16.135,1.649,104.91
25.852,16.166,1.680,106.89
25.885,16.197,1.712,108.91
25.919,16.230,1.745,110.98
25.952,16.263,1.778,113.09
25.985,16.297,1.811,115.24
26.019,16.331,1.846,117.43
26.052,16.366,1.881,119.65
26.086,16.402,1.916,121.91
26.119,16.439,1.954,124.28
26.152,16.477,1.992,126.72
26.186,16.516,2.031,129.20
26.219,16.555,2.070,131.68
26.252,16.594,2.108,134.13
26.286,16.632,2.146,136.54
26.319,16.668,2.183,138.86
26.352,16.703,2.218,141.08
26.386,16.736,2.250,143.17
26.419,16.766,2.281,145.12
26.452,16.795,2.310,146.93
26.486,16.821,2.336,148.61
26.519,16.846,2.360,150.14
26.553,16.868,2.382,151.54
26.586,16.887,2.402,152.81
26.619,16.906,2.421,153.99
26.653,16.923,2.438,155.08
26.686,16.939,2.453,156.07
26.719,16.953,2.467,156.96
26.753,16.965,2.480,157.77
26.786,16.977,2.491,158.50
26.819,16.987,2.502,159.16
26.853,16.997,2.512,159.79
26.886,17.007,2.521,160.40
26.919,17.017,2.531,161.02
26.953,17.025,2.540,161.58
26.986,17.033,2.548,162.07
27.020,17.040,2.554,162.49
27.053,17.045,2.560,162.83
27.086,17.049,2.564,163.12
27.120,17.054,2.569,163.40
27.153,17.058,2.573,163.67
27.186,17.062,2.576,163.90
27.220,17.064,2.579,164.07
27.253,17.066,2.580,164.16
27.286,17.066,2.581,164.17
27.320,17.065,2.579,164.09
27.353,17.062,2.577,163.93
27.386,17.058,2.573,163.68
27.420,17.053,2.568,163.35
27.453,17.046,2.561,162.90
27.487,17.037,2.552,162.32
27.520,17.026,2.541,161.62
27.553,17.013,2.527,160.79
27.587,16.998,2.513,159.84
27.620,16.982,2.497,158.84
27.653,16.966,2.480,157.78
27.687,16.948,2.462,156.63
27.720,16.928,2.443,155.39
27.753,16.907,2.421,154.05
27.787,16.884,2.399,152.60
27.820,16.860,2.374,151.06
27.853,16.834,2.349,149.43
27.887,16.808,2.322,147.73
27.920,16.780,2.295,145.98
27.954,16.751,2.265,144.11
27.987,16.719,2.234,142.11
28.020,16.686,2.200,139.98
28.054,16.650,2.165,137.73
28.087,16.613,2.127,135.35
28.120,16.574,2.088,132.84
28.154,16.532,2.047,130.22
28.187,16.490,2.004,127.51
28.220,16.446,1.961,124.72
28.254,16.401,1.916,121.87
28.287,16.356,1.870,118.99
28.320,16.310,1.825,116.10
28.354,16.265,1.780,113.22
28.387,16.221,1.735,110.40
28.421,16.178,1.692,107.65
28.454,16.135,1.649,104.92
28.487,16.092,1.607,102.20
28.521,16.049,1.564,99.49
28.554,16.007,1.522,96.80
28.587,15.965,1.479,94.11
28.621,15.923,1.437,91.45
28.654,15.881,1.396,88.80
28.687,15.840,1.354,86.16
28.721,15.798,1.313,83.52
28.754,15.757,1.271,80.89
28.787,15.715,1.230,78.25
28.821,15.674,1.188,75.61
28.854,15.632,1.147,72.95
28.888,15.590,1.105,70.29
28.921,15.548,1.063,67.60
28.954,15.506,1.020,64.91
28.988,15.463,0.978,62.20
29.021,15.420,0.935,59.48
29.054,15.377,0.892,56.74
29.088,15.334,0.849,53.99
29.121,15.291,0.805,51.23
29.154,15.247,0.762,48.45
29.188,15.203,0.718,45.66
29.221,15.159,0.674,42.87
29.254,15.115,0.630,40.07
29.288,15.071,0.586,37.28
29.321,15.028,0.542,34.49
29.355,14.984,0.498,31.71
29.388,14.940,0.455,28.94
29.421,14.897,0.412,26.19
29.455,14.854,0.369,23.46
29.488,14.811,0.326,20.73
29.521,14.769,0.283,18.02
29.555,14.726,0.241,15.32
29.588,14.684,0.199,12.63
29.621,14.640,0.154,9.81
29.655,14.594,0.109,6.93
29.688,14.549,0.064,4.04
29.721,14.504,0.019,1.20
29.755,14.461,-0.025,-1.57
29.788,14.419,-0.066,-4.21
29.822,14.380,-0.105,-6.69
29.855,14.344,-0.141,-8.98
29.888,14.311,-0.174,-11.07
29.922,14.282,-0.203,-12.94
29.955,14.256,-0.229,-14.56
29.988,14.235,-0.251,-15.94
30.022,14.217,-0.268,-17.06
30.055,14.204,-0.282,-17.93
30.088,14.194,-0.292,-18.55
30.122,14.188,-0.298,-18.95
30.155,14.185,-0.301,-19.14
30.188,14.185,-0.301,-19.14
30.222,14.187,-0.298,-18.98
30.255,14.191,-0.294,-18.71
30.289,14.197,-0.288,-18.35
30.322,14.203,-0.282,-17.96
30.355,14.209,-0.277,-17.59
30.389,14.214,-0.272,-17.30
30.422,14.216,-0.269,-17.14
30.455,14.218,-0.267,-16.98
30.489,14.221,-0.264,-16.82
30.522,14.223,-0.262,-16.66
30.555,14.226,-0.259,-16.51
30.589,14.228,-0.257,-16.35
30.622,14.231,-0.254,-16.18
30.655,14.234,-0.252,-16.02
30.689,14.236,-0.249,-15.85
30.722,14.239,-0.247,-15.68
30.756,14.241,-0.244,-15.52
30.789,14.244,-0.241,-15.36
30.822,14.246,-0.239,-15.21
30.856,14.249,-0.237,-15.07
30.889,14.251,-0.235,-14.93
30.922,14.253,-0.233,-14.81
30.956,14.254,-0.231,-14.69
30.989,14.256,-0.229,-14.59
31.022,14.258,-0.228,-14.50
31.056,14.259,-0.227,-14.41
31.089,14.260,-0.225,-14.34
31.122,14.261,-0.225,-14.30
31.156,14.261,-0.225,-14.29
31.189,14.261,-0.224,-14.28
31.223,14.261,-0.224,-14.28
31.256,14.261,-0.224,-14.26
31.289,14.262,-0.224,-14.23
31.323,14.263,-0.223,-14.17
31.356,14.264,-0.221,-14.08
31.389,14.266,-0.219,-13.95
31.423,14.269,-0.216,-13.76
31.456,14.273,-0.213,-13.54
31.489,14.277,-0.209,-13.27
31.523,14.282,-0.204,-12.95
31.556,14.288,-0.198,-12.58
31.589,14.294,-0.191,-12.18
31.623,14.300,-0.186,-11.81
31.656,14.306,-0.180,-11.44
31.690,14.312,-0.174,-11.06
31.723,14.318,-0.167,-10.62
31.756,14.326,-0.159,-10.12
31.790,14.336,-0.150,-9.53
31.823,14.346,-0.139,-8.84
31.856,14.359,-0.127,-8.05
31.890,14.373,-0.112,-7.15
31.923,14.389,-0.096,-6.14
31.956,14.407,-0.078,-4.98
31.990,14.428,-0.058,-3.68
32.023,14.450,-0.035,-2.23
32.056,14.476,-0.010,-0.63
32.090,14.503,0.018,1.11
32.123,14.532,0.047,2.98
32.157,14.563,0.078,4.96
32.190,14.596,0.111,7.05
32.223,14.630,0.145,9.23
32.257,14.666,0.181,11.49
32.290,14.702,0.217,13.81
32.323,14.740,0.254,16.16
32.357,14.777,0.291,18.53
32.390,14.813,0.328,20.86
32.423,14.849,0.364,23.14
32.457,14.885,0.400,25.45
32.490,14.922,0.437,27.77
32.524,14.959,0.474,30.12
32.557,14.996,0.511,32.50
32.590,15.034,0.549,34.90
32.624,15.072,0.587,37.33
32.657,15.111,0.625,39.78
32.690,15.150,0.664,42.26
32.724,15.189,0.703,44.75
32.757,15.228,0.743,47.24
32.790,15.267,0.782,49.73
32.824,15.306,0.821,52.22
32.857,15.345,0.860,54.69
32.890,15.384,0.898,57.14
32.924,15.422,0.936,59.56
32.957,15.459,0.974,61.97
32.991,15.497,1.012,64.35
33.024,15.534,1.049,66.72
33.057,15.571,1.086,69.08
33.091,15.608,1.123,71.42
33.124,15.645,1.159,73.74
33.157,15.681,1.196,76.06
33.191,15.717,1.232,78.36
33.224,15.753,1.268,80.66
33.257,15.789,1.304,82.94
33.291,15.825,1.339,85.21
33.324,15.860,1.375,87.47
33.357,15.896,1.410,89.73
33.391,15.931,1.446,91.98
33.424,15.967,1.481,94.23
33.458,16.002,1.517,96.48
33.491,16.037,1.552,98.71
33.524,16.072,1.587,100.94
33.558,16.107,1.621,103.15
33.591,16.141,1.656,105.35
33.624,16.176,1.691,107.56
33.658,16.211,1.725,109.77
33.691,16.245,1.760,111.97
33.724,16.280,1.794,114.16
33.758,16.314,1.829,116.34
33.791,16.348,1.863,118.51
33.824,16.382,1.897,120.66
33.858,16.416,1.930,122.79
33.891,16.449,1.964,124.91
33.925,16.482,1.997,127.02
33.958,16.515,2.029,129.11
33.991,16.547,2.062,131.17
34.025,16.579,2.094,133.22
34.058,16.611,2.126,135.24
34.091,16.643,2.157,137.24
34.125,16.675,2.190,139.31
34.158,16.708,2.223,141.40
34.191,16.741,2.256,143.49
34.225,16.773,2.288,145.55
34.258,16.805,2.319,147.54
34.291,16.835,2.349,149.46
34.325,16.863,2.378,151.27
34.358,16.890,2.405,152.98
34.392,16.915,2.429,154.56
34.425,16.938,2.452,156.01
34.458,16.958,2.473,157.31
34.492,16.976,2.491,158.45
34.525,16.992,2.506,159.44
34.558,17.005,2.519,160.27
34.592,17.016,2.530,160.96
34.625,17.024,2.539,161.52
34.658,17.031,2.546,161.96
34.692,17.036,2.551,162.29
34.725,17.040,2.555,162.52
34.758,17.042,2.557,162.66
34.792,17.043,2.558,162.74
34.825,17.044,2.559,162.77
34.859,17.044,2.559,162.80
34.892,17.045,2.560,162.84
34.925,17.047,2.561,162.94
34.959,17.048,2.562,163.00
34.992,17.048,2.563,163.04
35.025,17.048,2.563,163.04
35.059,17.048,2.562,163.01
35.092,17.047,2.561,162.94
35.125,17.047,2.562,162.96
35.159,17.048,2.562,163.01
35.192,17.049,2.563,163.06
35.225,17.048,2.563,163.05
35.259,17.047,2.562,162.97
35.292,17.044,2.559,162.77
35.326,17.039,2.553,162.45
35.359,17.031,2.546,161.97
35.392,17.021,2.536,161.32
35.426,17.008,2.523,160.51
35.459,16.992,2.507,159.49
35.492,16.973,2.488,158.27
35.526,16.951,2.465,156.84
35.559,16.925,2.440,155.20
35.592,16.896,2.411,153.36
35.626,16.864,2.379,151.34
35.659,16.830,2.345,149.16
35.692,16.793,2.308,146.82
35.726,16.754,2.269,144.35
35.759,16.714,2.229,141.78
35.793,16.672,2.187,139.13
35.826,16.630,2.145,136.44
35.859,16.588,2.102,133.75
35.893,16.546,2.061,131.11
35.926,16.506,2.021,128.56
35.959,16.466,1.981,126.00
35.993,16.425,1.940,123.42
36.026,16.385,1.899,120.82
36.059,16.343,1.858,118.20
36.093,16.302,1.816,115.56
36.126,16.260,1.775,112.91
36.159,16.219,1.733,110.25
36.193,16.177,1.691,107.59
36.226,16.134,1.649,104.90
36.260,16.092,1.607,102.20
36.293,16.049,1.564,99.49
36.326,16.006,1.521,96.77
36.360,15.963,1.478,94.03
36.393,15.920,1.435,91.29
36.426,15.877,1.392,88.54
36.460,15.834,1.348,85.77
36.493,15.790,1.305,82.99
36.526,15.746,1.261,80.19
36.560,15.702,1.216,77.38
36.593,15.657,1.172,74.55
36.626,15.612,1.127,71.70
36.660,15.567,1.082,68.83
36.693,15.522,1.037,65.95
36.727,15.477,0.991,63.07
36.760,15.431,0.946,60.17
36.793,15.386,0.900,57.28
36.827,15.340,0.855,54.38
36.860,15.295,0.809,51.50
36.893,15.250,0.764,48.62
36.927,15.205,0.719,45.76
36.960,15.160,0.674,42.91
36.993,15.115,0.630,40.06
37.027,15.071,0.585,37.22
37.060,15.026,0.541,34.39
37.093,14.982,0.496,31.57
37.127,14.936,0.451,28.67
37.160,14.890,0.404,25.73
37.194,14.844,0.358,22.78
37.227,14.798,0.312,19.86
37.260,14.753,0.267,17.00
37.294,14.709,0.223,14.20
37.327,14.666,0.181,11.50
37.360,14.625,0.140,8.91
37.394,14.587,0.101,6.44
37.427,14.550,0.064,4.10
37.460,14.515,0.030,1.90
37.494,14.483,-0.002,-0.15
37.527,14.453,-0.032,-2.04
37.560,14.426,-0.060,-3.79
37.594,14.401,-0.085,-5.40
37.627,14.377,-0.109,-6.93
37.661,14.354,-0.132,-8.37
37.694,14.333,-0.153,-9.70
37.727,14.314,-0.172,-10.93
37.761,14.296,-0.189,-12.05
37.794,14.280,-0.206,-13.08
37.827,14.265,-0.220,-14.01
37.861,14.252,-0.234,-14.88
37.894,14.239,-0.247,-15.70
37.927,14.226,-0.259,-16.50
37.961,14.215,-0.270,-17.20
37.994,14.206,-0.280,-17.78
38.027,14.198,-0.287,-18.26
38.061,14.193,-0.293,-18.63
38.094,14.189,-0.297,-18.89
38.128,14.186,-0.300,-19.06
38.161,14.184,-0.301,-19.15
38.194,14.184,-0.301,-19.16
38.228,14.185,-0.300,-19.10
38.261,14.187,-0.298,-18.98
38.294,14.190,-0.296,-18.81
38.328,14.193,-0.293,-18.62
38.361,14.196,-0.290,-18.42
38.394,14.199,-0.287,-18.23
38.428,14.201,-0.284,-18.09
38.461,14.204,-0.282,-17.92
38.494,14.207,-0.279,-17.74
38.528,14.210,-0.276,-17.53
38.561,14.214,-0.272,-17.30
38.595,14.217,-0.268,-17.05
38.628,14.222,-0.263,-16.75
38.661,14.227,-0.258,-16.43
38.695,14.233,-0.253,-16.09
38.728,14.238,-0.247,-15.74
38.761,14.243,-0.242,-15.40
38.795,14.249,-0.237,-15.06
38.828,14.253,-0.232,-14.75
38.861,14.258,-0.228,-14.48
38.895,14.262,-0.224,-14.24
38.928,14.264,-0.221,-14.06
38.961,14.267,-0.219,-13.92
38.995,14.268,-0.217,-13.82
39.028,14.269,-0.216,-13.76
39.062,14.269,-0.216,-13.74
39.095,14.269,-0.216,-13.77
39.128,14.267,-0.219,-13.92
39.162,14.263,-0.223,-14.16
39.195,14.258,-0.227,-14.44
39.228,14.254,-0.232,-14.73
39.262,14.250,-0.236,-14.98
39.295,14.247,-0.239,-15.17
39.328,14.245,-0.240,-15.27
39.362,14.246,-0.239,-15.23
39.395,14.249,-0.237,-15.05
39.428,14.254,-0.231,-14.69
39.462,14.263,-0.223,-14.18
39.495,14.273,-0.212,-13.50
39.529,14.286,-0.199,-12.66
39.562,14.302,-0.183,-11.65
39.595,14.321,-0.165,-10.48
39.629,14.341,-0.145,-9.20
39.662,14.363,-0.123,-7.81
39.695,14.386,-0.099,-6.30
39.729,14.412,-0.073,-4.68
39.762,14.439,-0.046,-2.95
39.795,14.468,-0.018,-1.14
39.829,14.497,0.012,0.74
39.862,14.527,0.042,2.66
39.895,14.558,0.072,4.60
39.929,14.588,0.102,6.51
39.962,14.619,0.134,8.50
39.996,14.651,0.166,10.56
40.029,14.685,0.200,12.70
40.062,14.720,0.234,14.91
40.096,14.756,0.270,17.19
40.129,14.793,0.307,19.54
40.162,14.831,0.345,21.97
40.196,14.870,0.384,24.45
40.229,14.909,0.424,26.97
40.262,14.949,0.464,29.52
40.296,14.990,0.504,32.09
40.329,15.030,0.545,34.67
40.362,15.071,0.585,37.22
40.396,15.110,0.625,39.75
40.429,15.149,0.664,42.22
40.463,15.188,0.702,44.67
40.496,15.226,0.741,47.12
40.529,15.264,0.779,49.54
40.563,15.302,0.817,51.96
40.596,15.340,0.854,54.36
40.629,15.378,0.892,56.77
40.663,15.416,0.930,59.18
40.696,15.453,0.968,61.58
40.729,15.491,1.006,63.97
40.763,15.528,1.043,66.34
40.796,15.565,1.080,68.68
40.830,15.602,1.116,71.01
40.863,15.638,1.152,73.30
40.896,15.673,1.188,75.56
40.930,15.708,1.223,77.80
40.963,15.743,1.258,80.00
40.996,15.777,1.292,82.17
41.030,15.810,1.325,84.29
41.063,15.843,1.358,86.38
41.096,15.875,1.390,88.42
41.130,15.907,1.421,90.41
41.163,15.937,1.452,92.36
41.196,15.967,1.482,94.27
41.230,15.997,1.512,96.17
41.263,16.027,1.541,98.06
41.297,16.057,1.571,99.96
41.330,16.087,1.601,101.88
41.363,16.118,1.632,103.83
41.397,16.149,1.664,105.84
41.430,16.182,1.696,107.90
41.463,16.215,1.729,110.01
41.497,16.248,1.763,112.16
41.530,16.283,1.798,114.36
41.563,16.318,1.833,116.59
41.597,16.354,1.869,118.88
41.630,16.392,1.906,121.27
41.663,16.430,1.945,123.73
41.697,16.470,1.984,126.24
41.730,16.509,2.024,128.76
41.764,16.549,2.063,131.26
41.797,16.587,2.102,133.71
41.830,16.624,2.139,136.08
41.864,16.660,2.175,138.36
41.897,16.694,2.209,140.51
41.930,16.726,2.240,142.53
41.964,16.756,2.270,144.42
41.997,16.783,2.298,146.18
42.030,16.809,2.323,147.81
42.064,16.832,2.347,149.31
42.097,16.854,2.369,150.69
42.130,16.875,2.389,151.99
42.164,16.894,2.408,153.22
42.197,16.912,2.426,154.35
42.231,16.928,2.443,155.39
42.264,16.943,2.458,156.34
42.297,16.957,2.471,157.22
42.331,16.969,2.484,158.02
42.364,16.981,2.496,158.77
42.397,16.992,2.507,159.48
42.431,17.004,2.518,160.20
42.464,17.013,2.528,160.83
42.497,17.022,2.537,161.37
42.531,17.029,2.544,161.83
42.564,17.035,2.550,162.21
42.597,17.040,2.554,162.51
42.631,17.044,2.559,162.79
42.664,17.048,2.563,163.03
42.698,17.051,2.566,163.22
42.731,17.053,2.568,163.34
42.764,17.054,2.568,163.39
42.798,17.053,2.568,163.35
42.831,17.051,2.566,163.24
42.864,17.048,2.563,163.05
42.898,17.044,2.559,162.79
42.931,17.039,2.554,162.47
42.964,17.033,2.547,162.05
42.998,17.024,2.539,161.52
43.031,17.014,2.529,160.87
43.064,17.002,2.517,160.12
43.098,16.989,2.503,159.26
43.131,16.975,2.489,158.37
43.165,16.960,2.475,157.42
43.198,16.944,2.459,156.41
43.231,16.927,2.441,155.31
43.265,16.908,2.422,154.11
43.298,16.887,2.402,152.81
43.331,16.865,2.380,151.41
43.365,16.842,2.357,149.91
43.398,16.817,2.332,148.34
43.431,16.791,2.306,146.70
43.465,16.764,2.278,144.93
43.498,16.734,2.248,143.02
43.531,16.701,2.216,140.97
43.565,16.667,2.182,138.79
43.598,16.631,2.145,136.48
43.632,16.592,2.107,134.03
43.665,16.552,2.066,131.46
43.698,16.510,2.025,128.79
43.732,16.467,1.981,126.04
43.765,16.422,1.937,123.23
43.798,16.378,1.892,120.38
43.832,16.333,1.847,117.52
43.865,16.288,1.803,114.67
43.898,16.244,1.759,111.88
43.932,16.202,1.716,109.18
43.965,16.159,1.674,106.48
43.998,16.117,1.632,103.80
44.032,16.075,1.590,101.14
44.065,16.033,1.548,98.48
44.099,15.992,1.506,95.84
44.132,15.951,1.465,93.21
44.165,15.910,1.424,90.60
44.199,15.869,1.383,88.01
44.232,15.828,1.343,85.41
44.265,15.787,1.302,82.82
44.299,15.747,1.261,80.23
44.332,15.706,1.220,77.62
44.365,15.664,1.179,75.01
44.399,15.623,1.138,72.38
44.432,15.581,1.096,69.72
44.465,15.539,1.054,67.05
44.499,15.497,1.012,64.37
44.532,15.455,0.969,61.67
44.566,15.412,0.927,58.95
44.599,15.369,0.884,56.22
44.632,15.326,0.841,53.48
44.666,15.283,0.797,50.73
44.699,15.239,0.754,47.96
44.732,15.196,0.710,45.19
44.766,15.152,0.667,42.40
44.799,15.108,0.623,39.61
44.832,15.064,0.579,36.81
44.866,15.020,0.535,34.01
44.899,14.976,0.491,31.21
44.932,14.932,0.447,28.41
44.966,14.888,0.403,25.61
44.999,14.844,0.358,22.80
45.033,14.800,0.314,19.99
45.066,14.755,0.270,17.16
45.099,14.711,0.225,14.34
45.133,14.664,0.178,11.36
45.166,14.616,0.130,8.29
45.199,14.567,0.082,5.19
45.233,14.519,0.034,2.13
45.266,14.472,-0.013,-0.84
45.299,14.427,-0.058,-3.69
45.333,14.385,-0.100,-6.36
45.366,14.347,-0.139,-8.83
45.399,14.311,-0.174,-11.07
45.433,14.280,-0.205,-13.06
45.466,14.253,-0.232,-14.77
45.500,14.231,-0.255,-16.22
45.533,14.212,-0.273,-17.38
45.566,14.198,-0.287,-18.27
45.600,14.188,-0.297,-18.89
45.633,14.183,-0.303,-19.26
45.666,14.181,-0.305,-19.38
45.700,14.182,-0.303,-19.30
45.733,14.186,-0.300,-19.06
45.766,14.192,-0.294,-18.68
45.800,14.199,-0.287,-18.23
45.833,14.206,-0.279,-17.75
45.866,14.213,-0.272,-17.30
45.900,14.219,-0.267,-16.95
45.933,14.222,-0.264,-16.77
45.967,14.224,-0.261,-16.61
46.000,14.227,-0.259,-16.46
46.033,14.229,-0.257,-16.33
46.067,14.230,-0.255,-16.22
46.100,14.232,-0.253,-16.12
46.133,14.233,-0.252,-16.05
46.167,14.234,-0.251,-16.00
46.200,14.235,-0.251,-15.95
46.233,14.235,-0.250,-15.92
46.267,14.236,-0.250,-15.90
46.300,14.236,-0.249,-15.87
46.333,14.236,-0.249,-15.84
46.367,14.237,-0.248,-15.80
46.400,14.238,-0.248,-15.75
46.434,14.239,-0.246,-15.68
46.467,14.240,-0.245,-15.59
46.500,14.242,-0.244,-15.50
46.534,14.243,-0.242,-15.39
46.567,14.245,-0.240,-15.28
46.600,14.247,-0.238,-15.16
46.634,14.249,-0.236,-15.03
46.667,14.251,-0.234,-14.89
46.700,14.254,-0.232,-14.75
46.734,14.256,-0.230,-14.60
46.767,14.258,-0.227,-14.44
46.800,14.261,-0.224,-14.28
46.834,14.264,-0.222,-14.10
46.867,14.267,-0.219,-13.92
46.901,14.270,-0.216,-13.73
46.934,14.273,-0.213,-13.54
46.967,14.276,-0.210,-13.34
47.001,14.279,-0.206,-13.13
47.034,14.283,-0.203,-12.91
47.067,14.286,-0.199,-12.68
47.101,14.290,-0.195,-12.43
47.134,14.292,-0.193,-12.28
47.167,14.294,-0.191,-12.17
47.201,14.296,-0.190,-12.06
47.234,14.298,-0.188,-11.93
47.267,14.301,-0.184,-11.73
47.301,14.305,-0.180,-11.45
47.334,14.312,-0.174,-11.05
47.368,14.320,-0.165,-10.51
47.401,14.331,-0.155,-9.84
47.434,14.344,-0.141,-9.00
47.468,14.360,-0.126,-7.99
47.501,14.379,-0.107,-6.80
47.534,14.400,-0.085,-5.43
47.568,14.425,-0.061,-3.87
47.601,14.452,-0.034,-2.15
47.634,14.481,-0.004,-0.27
47.668,14.513,0.028,1.75
47.701,14.547,0.061,3.91
47.734,14.582,0.097,6.17
47.768,14.620,0.134,8.53
47.801,14.658,0.172,10.96
47.835,14.696,0.211,13.43
47.868,14.735,0.250,15.89
47.901,14.773,0.288,18.32
47.935,14.810,0.325,20.67
47.968,14.848,0.362,23.05
48.001,14.885,0.400,25.44
48.035,14.923,0.438,27.85
48.068,14.961,0.476,30.28
48.101,15.000,0.515,32.73
48.135,15.039,0.554,35.23
48.168,15.079,0.593,37.76
48.201,15.119,0.633,40.30
48.235,15.159,0.674,42.85
48.268,15.199,0.714,45.40
48.302,15.239,0.753,47.93
48.335,15.278,0.793,50.44
48.368,15.317,0.832,52.91
48.402,15.355,0.870,55.33
48.435,15.393,0.907,57.71
48.468,15.429,0.944,60.03
48.502,15.465,0.980,62.32
48.535,15.500,1.015,64.55
48.568,15.535,1.049,66.74
48.602,15.568,1.083,68.89
48.635,15.601,1.116,70.97
48.669,15.633,1.148,73.00
48.702,15.664,1.179,75.00
48.735,15.695,1.210,76.97
48.769,15.726,1.241,78.93
48.802,15.757,1.272,80.90
48.835,15.788,1.303,82.88
48.869,15.820,1.335,84.90
48.902,15.852,1.367,86.96
48.935,15.886,1.400,89.08
48.969,15.920,1.434,91.24
49.002,15.954,1.469,93.43
49.035,15.989,1.504,95.67
49.069,16.025,1.540,97.94
49.102,16.061,1.576,100.25
49.136,16.099,1.613,102.62
49.169,16.136,1.651,105.03
49.202,16.175,1.689,107.47
49.236,16.213,1.728,109.93
49.269,16.252,1.767,112.40
49.302,16.291,1.805,114.86
49.336,16.329,1.844,117.30
49.369,16.367,1.882,119.70
49.402,16.404,1.919,122.06
49.436,16.440,1.955,124.37
49.469,16.476,1.990,126.63
49.502,16.511,2.025,128.85
49.536,16.545,2.060,131.03
49.569,16.579,2.093,133.17
49.603,16.612,2.126,135.27
49.636,16.645,2.160,137.42
49.669,16.679,2.194,139.58
49.703,16.713,2.228,141.72
49.736,16.746,2.261,143.81
49.769,16.778,2.292,145.84
49.803,16.808,2.323,147.77
49.836,16.837,2.352,149.61
49.869,16.864,2.379,151.33
49.903,16.889,2.404,152.94
49.936,16.913,2.427,154.42
49.969,16.934,2.448,155.76
50.003,16.952,2.467,156.94
50.036,16.969,2.483,157.97
50.070,16.982,2.497,158.84
50.103,16.993,2.508,159.55
50.136,17.003,2.517,160.15
50.170,17.010,2.525,160.62
50.203,17.016,2.530,160.97
50.236,17.020,2.534,161.23
50.270,17.023,2.537,161.40
50.303,17.024,2.539,161.52
50.336,17.025,2.540,161.59
50.370,17.026,2.541,161.66
50.403,17.028,2.542,161.75
50.436,17.030,2.545,161.89
50.470,17.032,2.547,162.02
50.503,17.034,2.548,162.12
50.537,17.035,2.549,162.19
50.570,17.036,2.550,162.23
50.603,17.036,2.550,162.25
50.637,17.037,2.552,162.35
50.670,17.040,2.554,162.50
50.703,17.042,2.556,162.64
50.737,17.043,2.558,162.73
50.770,17.044,2.558,162.75
50.803,17.042,2.557,162.66
50.837,17.039,2.553,162.44
50.870,17.033,2.547,162.06
50.903,17.024,2.539,161.52
50.937,17.013,2.528,160.81
50.970,16.999,2.513,159.90
51.004,16.981,2.496,158.78
51.037,16.960,2.475,157.45
51.070,16.936,2.451,155.91
51.104,16.909,2.424,154.18
51.137,16.879,2.394,152.28
51.170,16.847,2.361,150.21
51.204,16.812,2.326,148.00
51.237,16.775,2.289,145.65
51.270,16.736,2.251,143.19
51.304,16.696,2.211,140.64
51.337,16.655,2.170,138.05
51.370,16.614,2.129,135.44
51.404,16.574,2.088,132.86
51.437,16.535,2.049,130.37
51.471,16.495,2.009,127.83
51.504,16.454,1.969,125.26
51.537,16.413,1.928,122.65
51.571,16.372,1.886,120.00
51.604,16.330,1.844,117.32
51.637,16.287,1.801,114.61
51.671,16.244,1.758,111.86
51.704,16.200,1.715,109.09
51.737,16.156,1.671,106.29
51.771,16.112,1.627,103.48
51.804,16.068,1.582,100.65
51.837,16.023,1.538,97.81
51.871,15.978,1.493,94.98
51.904,15.934,1.448,92.15
51.938,15.890,1.404,89.33
51.971,15.845,1.360,86.52
52.004,15.801,1.316,83.70
52.038,15.757,1.271,80.88
52.071,15.712,1.227,78.05
52.104,15.668,1.182,75.22
52.138,15.623,1.138,72.38
52.171,15.579,1.093,69.54
52.204,15.534,1.048,66.69
52.238,15.489,1.004,63.85
52.271,15.444,0.959,61.00
52.304,15.400,0.914,58.16
52.338,15.355,0.869,55.31
52.371,15.310,0.825,52.47
52.405,15.266,0.780,49.63
52.438,15.221,0.736,46.80
52.471,15.177,0.691,43.97
52.505,15.132,0.647,41.15
52.538,15.088,0.603,38.33
52.571,15.044,0.558,35.51
52.605,14.999,0.514,32.70
52.638,14.954,0.469,29.81
52.671,14.908,0.423,26.88
52.705,14.862,0.376,23.94
52.738,14.816,0.331,21.03
52.771,14.771,0.285,18.16
52.805,14.727,0.242,15.36
52.838,14.684,0.199,12.66
52.872,14.644,0.158,10.07
52.905,14.605,0.119,7.60
52.938,14.568,0.083,5.26
52.972,14.534,0.048,3.07
53.005,14.502,0.016,1.02
53.038,14.472,-0.014,-0.87
53.072,14.444,-0.041,-2.62
53.105,14.419,-0.066,-4.22
53.138,14.395,-0.090,-5.74
53.172,14.373,-0.113,-7.17
53.205,14.352,-0.134,-8.50
53.238,14.333,-0.153,-9.72
53.272,14.315,-0.170,-10.83
53.305,14.299,-0.186,-11.86
53.339,14.284,-0.201,-12.80
53.372,14.270,-0.215,-13.68
53.405,14.257,-0.228,-14.52
53.439,14.244,-0.241,-15.35
53.472,14.232,-0.253,-16.09
53.505,14.222,-0.263,-16.73
53.539,14.214,-0.272,-17.27
53.572,14.207,-0.278,-17.72
53.605,14.202,-0.284,-18.06
53.639,14.197,-0.288,-18.35
53.672,14.194,-0.292,-18.56
53.705,14.191,-0.294,-18.71
53.739,14.190,-0.295,-18.79
53.772,14.190,-0.296,-18.81
53.806,14.190,-0.295,-18.77
53.839,14.192,-0.294,-18.69
53.872,14.193,-0.292,-18.58
53.906,14.195,-0.290,-18.45
53.939,14.197,-0.288,-18.34
53.972,14.200,-0.286,-18.17
54.006,14.203,-0.282,-17.96
54.039,14.207,-0.278,-17.70
54.072,14.212,-0.273,-17.39
54.106,14.218,-0.268,-17.03
54.139,14.225,-0.261,-16.58
54.172,14.233,-0.252,-16.06
54.206,14.242,-0.244,-15.50
54.239,14.251,-0.235,-14.92
54.273,14.260,-0.226,-14.35
54.306,14.269,-0.217,-13.80
54.339,14.276,-0.209,-13.29
54.373,14.283,-0.202,-12.85
54.406,14.289,-0.196,-12.50
54.439,14.293,-0.193,-12.25
54.473,14.295,-0.190,-12.08
54.506,14.297,-0.189,-12.00
54.539,14.297,-0.189,-12.01
54.573,14.295,-0.190,-12.09
54.606,14.293,-0.193,-12.26
54.639,14.287,-0.198,-12.62
54.673,14.279,-0.206,-13.10
54.706,14.271,-0.215,-13.66
54.740,14.261,-0.224,-14.25
54.773,14.253,-0.233,-14.81
54.806,14.245,-0.241,-15.31
54.840,14.239,-0.247,-15.70
54.873,14.235,-0.250,-15.93
54.906,14.234,-0.251,-15.98
54.940,14.237,-0.248,-15.80
54.973,14.243,-0.243,-15.43
55.006,14.252,-0.234,-14.87
55.040,14.264,-0.222,-14.10
55.073,14.279,-0.207,-13.15
55.106,14.297,-0.189,-12.00
55.140,14.317,-0.168,-10.69
55.173,14.340,-0.145,-9.24
55.207,14.365,-0.120,-7.65
55.240,14.392,-0.093,-5.93
55.273,14.421,-0.064,-4.09
55.307,14.451,-0.034,-2.18
55.340,14.482,-0.003,-0.21
55.373,14.514,0.028,1.79
55.407,14.545,0.059,3.76
55.440,14.575,0.089,5.67
55.473,14.605,0.120,7.63
55.507,14.637,0.151,9.63
55.540,14.669,0.184,11.68
55.573,14.702,0.217,13.77
55.607,14.736,0.250,15.92
55.640,14.770,0.285,18.11
55.674,14.805,0.320,20.34
55.707,14.841,0.355,22.61
55.740,14.877,0.392,24.91
55.774,14.913,0.428,27.23
55.807,14.950,0.465,29.56
55.840,14.987,0.501,31.88
55.874,15.023,0.537,34.19
55.907,15.059,0.573,36.48
55.940,15.094,0.609,38.73
55.974,15.129,0.644,40.97
56.007,15.164,0.679,43.19
56.040,15.199,0.714,45.41
56.074,15.234,0.748,47.60
56.107,15.268,0.783,49.79
56.141,15.302,0.817,51.96
56.174,15.336,0.851,54.12
56.207,15.370,0.884,56.27
56.241,15.404,0.918,58.41
56.274,15.437,0.952,60.54
56.307,15.471,0.985,62.68
56.341,15.504,1.019,64.82
56.374,15.538,1.053,66.97
56.407,15.572,1.087,69.14
56.441,15.606,1.121,71.32
56.474,15.641,1.155,73.51
56.508,15.675,1.190,75.71
56.541,15.710,1.225,77.91
56.574,15.745,1.260,80.13
56.608,15.780,1.295,82.36
56.641,15.815,1.330,84.59
56.674,15.850,1.365,86.83
56.708,15.886,1.400,89.07
56.741,15.921,1.436,91.33
56.774,15.956,1.471,93.59
56.808,15.992,1.507,95.85
56.841,16.028,1.543,98.13
56.874,16.064,1.578,100.42
56.908,16.100,1.614,102.71
56.941,16.136,1.651,105.00
56.975,16.172,1.687,107.31
57.008,16.209,1.723,109.63
57.041,16.245,1.760,111.96
57.075,16.282,1.797,114.30
57.108,16.319,1.834,116.65
57.141,16.357,1.872,119.07
57.175,16.396,1.910,121.53
57.208,16.435,1.949,124.01
57.241,16.473,1.988,126.48
57.275,16.512,2.026,128.92
57.308,16.550,2.064,131.31
57.341,16.586,2.101,133.65
57.375,16.622,2.136,135.91
57.408,16.656,2.170,138.07
57.442,16.688,2.203,140.14
57.475,16.719,2.234,142.11
57.508,16.749,2.263,143.98
57.542,16.776,2.291,145.75
57.575,16.803,2.317,147.41
57.608,16.827,2.342,148.97
57.642,16.851,2.366,150.50
57.675,16.874,2.389,151.98
57.708,16.897,2.411,153.39
57.742,16.917,2.432,154.72
57.775,16.937,2.452,155.97
57.808,16.955,2.470,157.13
57.842,16.972,2.487,158.21
57.875,16.988,2.503,159.21
57.909,17.003,2.517,160.16
57.942,17.017,2.532,161.05
57.975,17.029,2.544,161.84
58.009,17.040,2.555,162.52
58.042,17.049,2.564,163.08
58.075,17.056,2.571,163.54
58.109,17.062,2.576,163.89
58.142,17.066,2.581,164.19
58.175,17.070,2.585,164.42
58.209,17.073,2.587,164.58
58.242,17.074,2.588,164.66
58.275,17.074,2.588,164.66
58.309,17.072,2.587,164.57
58.342,17.070,2.584,164.40
58.376,17.066,2.581,164.17
58.409,17.062,2.576,163.89
58.442,17.057,2.571,163.59
58.476,17.050,2.565,163.18
58.509,17.043,2.557,162.68
58.542,17.033,2.548,162.07
58.576,17.022,2.537,161.37
58.609,17.009,2.524,160.57
58.642,16.997,2.511,159.76
58.676,16.983,2.498,158.91
58.709,16.969,2.484,157.99
58.742,16.953,2.468,157.00
58.776,16.936,2.451,155.91
58.809,16.918,2.432,154.72
58.843,16.897,2.412,153.44
58.876,16.875,2.390,152.05
58.909,16.852,2.367,150.57
58.943,16.828,2.342,149.02
58.976,16.801,2.316,147.33
59.009,16.772,2.287,145.50
59.043,16.741,2.256,143.52
59.076,16.708,2.223,141.40
59.109,16.673,2.187,139.15
59.143,16.635,2.150,136.76
59.176,16.596,2.111,134.27
59.209,16.555,2.070,131.67
59.243,16.513,2.027,128.98
59.276,16.469,1.984,126.21
59.310,16.425,1.940,123.40
59.343,16.381,1.895,120.56
59.376,16.336,1.851,117.73
59.410,16.292,1.807,114.93
59.443,16.249,1.764,112.19
59.476,16.206,1.720,109.45
59.510,16.163,1.677,106.70
59.543,16.119,1.634,103.93
59.576,16.076,1.590,101.16
59.610,16.032,1.546,98.37
59.643,15.988,1.502,95.56
59.676,15.943,1.458,92.74
59.710,15.899,1.413,89.90
59.743,15.854,1.369,87.06
59.777,15.809,1.324,84.23
59.810,15.765,1.280,81.40
59.843,15.721,1.235,78.59
59.877,15.677,1.192,75.81
59.910,15.634,1.148,73.04
59.943,15.591,1.105,70.31
59.977,15.548,1.063,67.61
60.010,15.506,1.021,64.93
60.043,15.464,0.979,62.28
60.077,15.423,0.938,59.65
60.110,15.382,0.897,57.06
60.143,15.342,0.857,54.50
60.177,15.303,0.817,51.99
60.210,15.263,0.778,49.49
60.244,15.224,0.739,47.01
60.277,15.185,0.700,44.53
60.310,15.146,0.661,42.04
60.344,15.107,0.621,39.53
60.377,15.067,0.581,36.98
60.410,15.026,0.541,34.40
60.444,14.985,0.499,31.76
60.477,14.943,0.457,29.09
60.510,14.900,0.415,26.38
60.544,14.857,0.371,23.62
60.577,14.813,0.327,20.83
60.610,14.768,0.283,18.00
60.644,14.721,0.236,14.99
60.677,14.672,0.186,11.86
60.711,14.622,0.137,8.69
60.744,14.572,0.087,5.53
60.777,14.524,0.038,2.43
60.811,14.477,-0.009,-0.55
60.844,14.432,-0.053,-3.37
60.877,14.391,-0.094,-5.99
60.911,14.354,-0.132,-8.37
60.944,14.321,-0.165,-10.49
60.977,14.291,-0.194,-12.35
61.011,14.266,-0.219,-13.94
61.044,14.245,-0.240,-15.26
61.077,14.229,-0.257,-16.32
61.111,14.216,-0.269,-17.12
61.144,14.208,-0.278,-17.66
61.178,14.203,-0.283,-17.99
61.211,14.201,-0.285,-18.11
61.244,14.201,-0.284,-18.07
61.278,14.204,-0.281,-17.90
61.311,14.208,-0.277,-17.65
61.344,14.212,-0.273,-17.37
61.378,14.216,-0.269,-17.12
61.411,14.219,-0.266,-16.95
61.444,14.219,-0.266,-16.93
61.478,14.219,-0.266,-16.92
61.511,14.220,-0.266,-16.91
61.544,14.219,-0.266,-16.92
61.578,14.219,-0.266,-16.93
61.611,14.219,-0.266,-16.95
61.645,14.218,-0.267,-16.99
61.678,14.218,-0.268,-17.04
61.711,14.216,-0.269,-17.11
61.745,14.215,-0.270,-17.17
61.778,14.215,-0.271,-17.23
61.811,14.214,-0.272,-17.28
61.845,14.213,-0.272,-17.30
61.878,14.213,-0.272,-17.30
61.911,14.214,-0.272,-17.28
61.945,14.215,-0.271,-17.22
61.978,14.216,-0.269,-17.13
62.011,14.218,-0.267,-17.00
62.045,14.221,-0.265,-16.85
62.078,14.223,-0.262,-16.66
62.112,14.227,-0.259,-16.45
62.145,14.231,-0.255,-16.19
62.178,14.235,-0.250,-15.91
62.212,14.240,-0.245,-15.60
62.245,14.245,-0.240,-15.27
62.278,14.251,-0.235,-14.94
62.312,14.256,-0.229,-14.59
62.345,14.261,-0.224,-14.26
62.378,14.266,-0.219,-13.94
62.412,14.271,-0.214,-13.63
62.445,14.275,-0.210,-13.36
62.478,14.279,-0.206,-13.10
62.512,14.283,-0.202,-12.86
62.545,14.287,-0.199,-12.63
62.579,14.290,-0.195,-12.41
62.612,14.293,-0.192,-12.21
62.645,14.295,-0.191,-12.13
62.679,14.295,-0.190,-12.11
62.712,14.295,-0.190,-12.11
62.745,14.295,-0.190,-12.10
62.779,14.296,-0.189,-12.04
62.812,14.299,-0.187,-11.89
62.845,14.303,-0.183,-11.62
62.879,14.309,-0.176,-11.22
62.912,14.318,-0.168,-10.66
62.945,14.330,-0.156,-9.91
62.979,14.344,-0.141,-8.99
63.012,14.362,-0.124,-7.88
63.046,14.382,-0.103,-6.58
63.079,14.405,-0.080,-5.10
63.112,14.431,-0.054,-3.43
63.146,14.460,-0.025,-1.61
63.179,14.491,0.006,0.36
63.212,14.524,0.039,2.47
63.246,14.559,0.074,4.69
63.279,14.596,0.110,7.02
63.312,14.633,0.148,9.42
63.346,14.672,0.186,11.86
63.379,14.710,0.225,14.30
63.412,14.748,0.263,16.72
63.446,14.785,0.299,19.05
63.479,14.822,0.337,21.42
63.513,14.860,0.374,23.81
63.546,14.898,0.412,26.22
63.579,14.936,0.451,28.67
63.613,14.975,0.489,31.14
63.646,15.014,0.529,33.65
63.679,15.054,0.569,36.20
63.713,15.095,0.609,38.77
63.746,15.135,0.650,41.35
63.779,15.176,0.691,43.93
63.813,15.216,0.731,46.51
63.846,15.257,0.771,49.07
63.879,15.297,0.811,51.61
63.913,15.336,0.851,54.11
63.946,15.375,0.889,56.58
63.980,15.413,0.928,59.01
64.013,15.451,0.965,61.41
64.046,15.488,1.003,63.79
64.080,15.525,1.039,66.13
64.113,15.561,1.076,68.44
64.146,15.599,1.113,70.84
64.180,15.637,1.152,73.26
64.213,15.675,1.190,75.68
64.246,15.712,1.227,78.06
64.280,15.749,1.263,80.36
64.313,15.783,1.298,82.55
64.346,15.815,1.330,84.61
64.380,15.846,1.360,86.53
64.413,15.873,1.388,88.30
64.447,15.898,1.413,89.90
64.480,15.921,1.435,91.30
64.513,15.940,1.454,92.51
64.547,15.955,1.470,93.52
